City_ID,City,Country,Date,Lat,Lng,Max Temp,Humidity,Cloudiness,Wind Speed
0,Busselton,AU,2020-10-24 02:39:46,-33.65,115.33,73.0,30,0,6.91
1,Norman Wells,CA,2020-10-24 02:39:47,65.28,-126.83,26.6,100,40,4.7
2,Saint Albans,GB,2020-10-24 02:39:47,51.75,-0.33,44.01,93,75,6.93
3,Pevek,RU,2020-10-24 02:39:47,69.7,170.31,26.35,92,18,4.54
4,Atuona,PF,2020-10-24 02:39:47,-9.8,-139.03,78.69,75,0,19.35
5,Lebu,CL,2020-10-24 02:39:47,-37.62,-73.65,50.09,85,100,5.41
6,Jamestown,US,2020-10-24 02:39:01,42.1,-79.24,62.6,77,90,21.92
7,Ambilobe,MG,2020-10-24 02:39:48,-13.2,49.05,70.66,69,0,5.03
8,Mataura,NZ,2020-10-24 02:39:48,-46.19,168.86,71.01,50,57,14.0
9,Hobart,AU,2020-10-24 02:35:28,-42.88,147.33,57.99,66,75,12.75
10,Atasu,KZ,2020-10-24 02:39:48,48.68,71.64,25.75,90,7,6.17
11,Luderitz,NA,2020-10-24 02:39:48,-26.65,15.16,58.73,80,1,8.55
12,Akyab,MM,2020-10-24 02:39:49,20.15,92.9,82.38,84,100,13.91
13,Punta Arenas,CL,2020-10-24 02:39:49,-53.15,-70.92,46.4,61,75,5.82
14,Ushuaia,AR,2020-10-24 02:39:49,-54.8,-68.3,41.0,85,75,8.05
15,Pindiga,NG,2020-10-24 02:39:49,9.98,10.93,71.71,92,98,3.22
16,Isangel,VU,2020-10-24 02:39:49,-19.55,169.27,82.4,74,90,5.82
17,Port Blair,IN,2020-10-24 02:39:49,11.67,92.75,84.02,74,30,8.43
18,Qaqortoq,GL,2020-10-24 02:39:50,60.72,-46.03,28.4,68,95,3.36
19,Licheng,CN,2020-10-24 02:39:50,23.3,113.83,75.0,28,20,15.66
20,Saint-Joseph,RE,2020-10-24 02:39:50,-21.37,55.62,71.6,78,20,9.17
21,Carnarvon,AU,2020-10-24 02:39:50,-24.87,113.63,77.0,57,0,19.46
22,Olafsvik,IS,2020-10-24 02:39:50,64.89,-23.71,42.94,74,8,13.67
23,Morant Bay,JM,2020-10-24 02:39:51,17.88,-76.41,75.2,94,90,5.82
24,Khatanga,RU,2020-10-24 02:39:51,71.97,102.5,14.04,97,100,12.21
25,Cherskiy,RU,2020-10-24 02:39:51,68.75,161.3,20.25,94,5,5.39
26,Bonthe,SL,2020-10-24 02:39:51,7.53,-12.51,78.24,84,62,4.21
27,Rikitea,PF,2020-10-24 02:39:51,-23.12,-134.97,73.96,83,100,16.04
28,Kapaa,US,2020-10-24 02:39:51,22.08,-159.32,82.0,59,9,5.82
29,Thompson,CA,2020-10-24 02:39:51,55.74,-97.86,21.2,79,75,5.82
30,Venezuela,VE,2020-10-24 02:39:52,8.0,-66.0,80.1,78,88,11.95
31,Mahebourg,MU,2020-10-24 02:39:52,-20.41,57.7,73.4,69,40,10.29
32,Alamosa,US,2020-10-24 02:39:52,37.47,-105.87,46.4,33,1,9.17
33,Kirakira,SB,2020-10-24 02:39:52,-10.45,161.92,84.2,76,83,7.09
34,Vila Velha,BR,2020-10-24 02:39:52,-20.33,-40.29,69.8,94,75,4.7
35,Ribeira Grande,PT,2020-10-24 02:39:52,38.52,-28.7,66.72,81,42,20.47
36,Port Hedland,AU,2020-10-24 02:39:53,-20.32,118.57,84.2,54,0,16.11
37,Portland,US,2020-10-24 02:38:45,45.52,-122.68,55.99,66,90,3.36
38,Saskylakh,RU,2020-10-24 02:39:53,71.92,114.08,16.77,96,100,11.01
39,Qaanaaq,GL,2020-10-24 02:39:53,77.48,-69.36,18.19,91,97,8.19
40,Lengshuitan,CN,2020-10-24 02:39:53,26.41,111.6,68.58,44,59,6.15
41,Fortuna,US,2020-10-24 02:39:53,40.6,-124.16,53.6,62,1,10.29
42,Hof,DE,2020-10-24 02:39:54,50.32,11.92,51.01,96,100,8.01
43,Merrill,US,2020-10-24 02:38:32,45.18,-89.68,33.8,98,90,4.7
44,Albany,US,2020-10-24 02:35:31,42.6,-73.97,63.0,85,16,7.99
45,Barrow,US,2020-10-24 02:38:28,71.29,-156.79,28.4,92,90,10.29
46,Dingle,PH,2020-10-24 02:39:54,11.0,122.67,78.6,89,100,9.35
47,Nkhotakota,MW,2020-10-24 02:39:55,-12.93,34.3,76.19,57,0,12.17
48,Kavieng,PG,2020-10-24 02:39:55,-2.57,150.8,84.81,62,61,3.38
49,Nanortalik,GL,2020-10-24 02:39:55,60.14,-45.24,34.16,89,97,0.43
50,Bluff,NZ,2020-10-24 02:39:55,-46.6,168.33,71.01,50,100,14.0
51,Buala,SB,2020-10-24 02:39:55,-8.14,159.59,85.75,68,60,5.26
52,Lompoc,US,2020-10-24 02:39:55,34.64,-120.46,62.6,77,1,3.36
53,Lagoa,PT,2020-10-24 02:39:57,39.05,-27.98,66.65,82,44,24.18
54,Namatanai,PG,2020-10-24 02:39:57,-3.67,152.43,86.36,60,25,3.71
55,Noumea,NC,2020-10-24 02:39:57,-22.28,166.46,91.4,46,2,12.75
56,Gorontalo,ID,2020-10-24 02:39:57,0.54,123.06,89.35,54,76,4.83
57,Dubai,AE,2020-10-24 02:35:07,25.26,55.3,75.0,35,0,4.7
58,Karratha,AU,2020-10-24 02:39:58,-20.74,116.85,84.27,32,0,15.77
59,Srivardhan,IN,2020-10-24 02:39:58,18.03,73.02,79.88,84,3,7.18
60,Were Ilu,ET,2020-10-24 02:39:58,10.6,39.43,45.88,77,34,4.25
61,Avera,US,2020-10-24 02:39:58,33.19,-82.53,69.8,82,40,4.7
62,Kodiak,US,2020-10-24 02:36:39,57.79,-152.41,46.4,93,90,17.22
63,Okha,RU,2020-10-24 02:39:58,53.57,142.95,43.81,89,100,38.52
64,Kargasok,RU,2020-10-24 02:39:59,59.06,80.86,27.95,98,100,6.58
65,Kruisfontein,ZA,2020-10-24 02:39:59,-34.0,24.73,68.0,87,42,7.2
66,Male,MV,2020-10-24 02:39:59,4.17,73.51,82.4,83,75,16.11
67,Arraial Do Cabo,BR,2020-10-24 02:39:59,-22.97,-42.03,73.4,78,40,17.22
68,La Ronge,CA,2020-10-24 02:39:59,55.1,-105.28,23.0,67,90,9.17
69,Sisimiut,GL,2020-10-24 02:40:00,66.94,-53.67,22.69,89,33,5.88
70,Mount Gambier,AU,2020-10-24 02:40:00,-37.83,140.77,55.4,54,90,19.46
71,Butaritari,KI,2020-10-24 02:40:00,3.07,172.79,82.18,71,7,10.83
72,Hermanus,ZA,2020-10-24 02:40:00,-34.42,19.23,64.0,92,71,3.91
73,Saint-Philippe,RE,2020-10-24 02:40:00,-21.36,55.77,73.4,78,20,9.17
74,Tasiilaq,GL,2020-10-24 02:40:01,65.61,-37.64,32.0,91,100,2.24
75,Calama,CL,2020-10-24 02:40:01,-22.47,-68.93,53.6,22,0,11.41
76,Lakhimpur,IN,2020-10-24 02:40:01,27.95,80.77,75.09,45,0,4.61
77,Porto Santo,PT,2020-10-24 02:40:01,33.07,-16.34,66.2,68,20,3.36
78,Aleksandrovsk-Sakhalinskiy,RU,2020-10-24 02:40:01,50.9,142.16,49.35,75,71,2.55
79,East London,ZA,2020-10-24 02:40:02,-33.02,27.91,68.5,84,46,11.34
80,Leh,IN,2020-10-24 02:40:02,34.17,77.58,35.17,66,0,3.67
81,Alofi,NU,2020-10-24 02:40:02,-19.06,-169.92,80.6,74,75,19.46
82,Victoria,HK,2020-10-24 02:38:05,22.29,114.16,75.0,35,100,13.0
83,Bambous Virieux,MU,2020-10-24 02:40:03,-20.34,57.76,73.4,69,40,10.29
84,Hasaki,JP,2020-10-24 02:40:03,35.73,140.83,68.0,68,75,4.7
85,Carutapera,BR,2020-10-24 02:40:03,-1.2,-46.02,78.04,82,52,7.85
86,Richards Bay,ZA,2020-10-24 02:40:03,-28.78,32.04,66.69,88,71,10.56
87,Yellowknife,CA,2020-10-24 02:40:04,62.46,-114.35,21.99,73,20,5.82
88,Castro,BR,2020-10-24 02:40:04,-24.79,-50.01,60.93,95,100,8.23
89,Nome,US,2020-10-24 02:40:04,64.5,-165.41,33.8,86,90,12.75
90,Natal,BR,2020-10-24 02:40:04,-5.79,-35.21,77.0,94,75,4.7
91,Avarua,CK,2020-10-24 02:40:04,-21.21,-159.78,75.2,83,63,11.41
92,Fernley,US,2020-10-24 02:40:04,39.61,-119.25,48.0,23,0,1.99
93,Airai,TL,2020-10-24 02:40:05,-8.93,125.41,81.05,48,14,3.09
94,Sao Joao Da Barra,BR,2020-10-24 02:40:05,-21.64,-41.05,72.79,80,84,13.27
95,Esperance,AU,2020-10-24 02:40:05,-33.87,121.9,62.6,67,90,8.05
96,Puerto Ayora,EC,2020-10-24 02:40:05,-0.74,-90.35,69.01,93,40,3.0
97,Horni Plana,CZ,2020-10-24 02:40:05,48.77,14.03,53.01,99,100,6.8
98,Port Alfred,ZA,2020-10-24 02:40:06,-33.59,26.89,69.62,84,97,16.11
99,Camacha,PT,2020-10-24 02:40:06,33.08,-16.33,66.2,68,20,3.36
100,Darfo,IT,2020-10-24 02:40:06,45.88,10.18,55.99,96,78,0.78
101,Tongliao,CN,2020-10-24 02:40:06,43.61,122.27,50.61,39,0,9.26
102,Kieta,PG,2020-10-24 02:40:06,-6.22,155.63,84.04,70,99,2.93
103,Mitsamiouli,KM,2020-10-24 02:40:07,-11.38,43.28,78.89,78,23,9.82
104,Floro,NO,2020-10-24 02:40:07,61.6,5.03,44.6,81,100,18.34
105,Torbay,CA,2020-10-24 02:35:14,47.67,-52.73,39.0,86,75,2.24
106,Puerto Escondido,MX,2020-10-24 02:39:27,15.85,-97.07,82.4,69,75,4.7
107,Faanui,PF,2020-10-24 02:40:07,-16.48,-151.75,79.39,68,99,5.59
108,Armizonskoye,RU,2020-10-24 02:40:07,55.95,67.67,21.97,90,0,7.52
109,Ulaanbaatar,MN,2020-10-24 02:40:08,47.91,106.88,30.2,63,75,2.8
110,Non Thai,TH,2020-10-24 02:40:08,15.2,102.04,77.0,69,0,10.29
111,Hovd,MN,2020-10-24 02:40:08,48.01,91.64,44.6,51,94,4.97
112,Te Anau,NZ,2020-10-24 02:40:08,-45.42,167.72,58.86,64,100,9.95
113,Nikolskoye,RU,2020-10-24 02:40:08,59.7,30.79,36.0,86,75,6.71
114,Longkou,CN,2020-10-24 02:40:08,37.65,120.33,57.81,48,0,15.3
115,Leningradskiy,RU,2020-10-24 02:40:09,69.38,178.42,22.91,91,8,5.1
116,Hilo,US,2020-10-24 02:40:09,19.73,-155.09,84.2,66,1,14.99
117,Ternate,ID,2020-10-24 02:40:09,0.8,127.4,84.76,72,27,6.11
118,Cidreira,BR,2020-10-24 02:40:09,-30.18,-50.21,67.95,92,100,16.69
119,Varazdin,HR,2020-10-24 02:40:09,46.3,16.34,60.01,76,100,5.01
120,Watertown,US,2020-10-24 02:38:03,42.37,-71.18,57.99,93,75,3.36
121,Kenitra,MA,2020-10-24 02:37:25,34.26,-6.58,55.4,100,0,2.15
122,Fort Nelson,CA,2020-10-24 02:40:10,58.81,-122.7,19.4,57,5,3.36
123,Nouadhibou,MR,2020-10-24 02:40:10,20.93,-17.03,75.15,65,93,17.43
124,Georgetown,MY,2020-10-24 02:40:00,5.41,100.34,84.2,83,20,4.7
125,Sawang Daen Din,TH,2020-10-24 02:40:10,17.48,103.46,80.01,53,89,7.92
126,Hirara,JP,2020-10-24 02:40:10,24.8,125.28,77.0,60,75,13.87
127,Tuktoyaktuk,CA,2020-10-24 02:40:11,69.45,-133.04,24.8,100,90,3.36
128,Ostrovnoy,RU,2020-10-24 02:40:11,68.05,39.51,29.34,97,100,6.26
129,Booue,GA,2020-10-24 02:40:11,-0.09,11.94,71.33,95,100,1.41
130,Hualmay,PE,2020-10-24 02:40:11,-11.1,-77.61,61.92,84,91,2.89
131,Fukue,JP,2020-10-24 02:40:11,32.69,128.84,60.8,59,75,13.87
132,Strunga,RO,2020-10-24 02:40:11,47.17,26.98,50.0,93,96,1.12
133,Honjo,JP,2020-10-24 02:40:12,36.23,139.18,64.99,58,70,5.01
134,Ancud,CL,2020-10-24 02:40:12,-41.87,-73.82,51.01,93,90,8.05
135,Tanout,NE,2020-10-24 02:40:12,14.97,8.89,78.46,20,0,10.83
136,Mar Del Plata,AR,2020-10-24 02:40:06,-38.0,-57.56,59.0,100,90,3.36
137,Bengkulu,ID,2020-10-24 02:40:13,-3.8,102.27,80.29,80,100,2.51
138,Husavik,IS,2020-10-24 02:40:13,66.04,-17.34,41.0,80,90,4.7
139,Cape Town,ZA,2020-10-24 02:40:13,-33.93,18.42,62.01,100,90,8.05
140,Binga,ZW,2020-10-24 02:40:13,-17.62,27.34,73.29,41,0,1.68
141,Severo-Kurilsk,RU,2020-10-24 02:40:13,50.68,156.12,43.41,87,100,38.21
142,Lumphat,KH,2020-10-24 02:40:13,13.49,106.98,80.4,79,100,3.22
143,Lavrentiya,RU,2020-10-24 02:40:14,65.58,-171.0,34.2,87,100,2.71
144,Comodoro Rivadavia,AR,2020-10-24 02:40:14,-45.87,-67.5,57.2,62,0,9.01
145,Bandarbeyla,SO,2020-10-24 02:40:14,9.49,50.81,76.8,71,97,1.48
146,Isla Vista,US,2020-10-24 02:40:14,34.41,-119.86,64.4,77,90,3.36
147,Deputatskiy,RU,2020-10-24 02:40:14,69.3,139.9,13.57,92,100,4.41
148,Guerrero Negro,MX,2020-10-24 02:40:14,27.98,-114.06,66.92,82,0,12.01
149,Vao,NC,2020-10-24 02:40:14,-22.67,167.48,73.81,86,6,16.11
150,Altea,ES,2020-10-24 02:40:15,38.6,-0.05,64.0,49,0,11.01
151,Chokurdakh,RU,2020-10-24 02:40:15,70.63,147.92,10.85,93,97,7.0
152,Vaini,TO,2020-10-24 02:40:15,-21.2,-175.2,77.0,78,75,11.41
153,Khash,IR,2020-10-24 02:40:15,28.22,61.22,50.43,41,0,6.35
154,Opuwo,NA,2020-10-24 02:40:15,-18.06,13.84,64.96,55,96,2.71
155,Katsuura,JP,2020-10-24 02:40:15,35.13,140.3,68.0,45,40,12.75
156,Key West,US,2020-10-24 02:37:53,24.56,-81.78,84.2,78,1,10.29
157,Pervomayskoye,RU,2020-10-24 02:40:16,43.92,46.71,53.22,79,1,2.98
158,Poya,NC,2020-10-24 02:40:16,-21.35,165.15,83.62,55,11,4.25
159,Jacqueville,CI,2020-10-24 02:40:16,5.21,-4.41,80.6,88,40,4.7
160,Viljoenskroon,ZA,2020-10-24 02:40:16,-27.21,26.95,66.0,57,45,3.53
161,Antofagasta,CL,2020-10-24 02:40:16,-23.65,-70.4,57.2,82,90,12.75
162,Lorengau,PG,2020-10-24 02:40:17,-2.02,147.27,85.8,60,52,6.11
163,Alice Springs,AU,2020-10-24 02:40:17,-23.7,133.88,73.4,40,40,4.7
164,Vanimo,PG,2020-10-24 02:40:17,-2.67,141.3,86.94,63,61,4.27
165,Ha Tinh,VN,2020-10-24 02:40:17,18.33,105.9,76.14,61,95,5.53
166,Sao Filipe,CV,2020-10-24 02:40:18,14.9,-24.5,80.13,78,85,9.55
167,Wajima,JP,2020-10-24 02:40:18,37.4,136.9,57.2,76,75,9.17
168,Santa Clara,CU,2020-10-24 02:40:18,22.4,-79.97,77.0,94,40,3.36
169,Vryheid,ZA,2020-10-24 02:40:18,-27.77,30.79,59.38,85,68,2.46
170,Coquimbo,CL,2020-10-24 02:40:18,-29.95,-71.34,53.6,87,26,4.7
171,Tambovka,RU,2020-10-24 02:40:18,50.1,128.05,37.4,37,0,15.66
172,Dinghai,CN,2020-10-24 02:40:18,26.28,119.79,68.0,49,0,22.37
173,Satipo,PE,2020-10-24 02:40:19,-11.25,-74.64,72.05,72,68,2.37
174,Innisfail,AU,2020-10-24 02:40:19,-17.53,146.03,81.82,61,70,7.14
175,Praia Da Vitoria,PT,2020-10-24 02:40:19,38.73,-27.07,66.99,72,40,15.35
176,Shumskiy,RU,2020-10-24 02:40:19,54.83,99.13,39.54,86,100,3.58
177,Tiksi,RU,2020-10-24 02:40:19,71.69,128.87,18.59,91,24,28.63
178,Ewa Beach,US,2020-10-24 02:40:20,21.32,-158.01,82.4,69,40,8.05
179,Bredasdorp,ZA,2020-10-24 02:40:20,-34.53,20.04,64.4,93,87,4.7
180,Margate,GB,2020-10-24 02:40:20,51.38,1.39,51.01,92,16,1.01
181,Longyearbyen,SJ,2020-10-24 02:40:20,78.22,15.64,21.2,73,75,4.7
182,New Norfolk,AU,2020-10-24 02:40:20,-42.78,147.06,57.99,44,75,5.99
183,Provideniya,RU,2020-10-24 02:40:21,64.38,-173.3,33.57,90,100,12.08
184,Erdenet,MN,2020-10-24 02:40:21,49.03,104.08,39.06,66,100,2.75
185,Rawson,AR,2020-10-24 02:40:21,-43.3,-65.1,71.6,42,95,16.58
186,Dikson,RU,2020-10-24 02:40:21,73.51,80.55,23.16,91,100,10.67
187,Plettenberg Bay,ZA,2020-10-24 02:40:21,-34.05,23.37,64.8,85,52,6.04
188,Brae,GB,2020-10-24 02:40:21,60.4,-1.35,46.4,81,64,11.41
189,Puerto Leguizamo,CO,2020-10-24 02:40:22,-0.19,-74.78,75.13,84,99,2.06
190,Hami,CN,2020-10-24 02:40:22,42.8,93.45,58.41,29,4,10.29
191,Ahuimanu,US,2020-10-24 02:40:22,21.44,-157.84,82.4,83,75,6.93
192,Kilindoni,TZ,2020-10-24 02:40:22,-7.91,39.67,78.98,80,38,6.35
193,Constitucion,CL,2020-10-24 02:38:09,-35.33,-72.42,49.95,78,0,8.03
194,Wahiawa,US,2020-10-24 02:38:39,21.5,-158.02,82.4,88,90,6.93
195,Okato,NZ,2020-10-24 02:40:23,-39.2,173.88,60.01,91,12,5.99
196,Anadyr,RU,2020-10-24 02:39:54,64.75,177.48,26.6,100,90,2.24
197,Yar-Sale,RU,2020-10-24 02:40:23,66.83,70.83,21.07,96,100,7.52
198,Sitka,US,2020-10-24 02:36:31,57.05,-135.33,39.2,29,75,9.17
199,Moron,AR,2020-10-24 02:40:23,-34.65,-58.62,66.99,94,55,3.0
200,Tokmak,UA,2020-10-24 02:40:23,47.25,35.71,57.15,92,100,6.06
201,Mumbwa,ZM,2020-10-24 02:40:23,-14.98,27.06,66.25,32,26,5.57
202,Necochea,AR,2020-10-24 02:40:24,-38.55,-58.74,52.0,91,4,5.01
203,Tabou,CI,2020-10-24 02:40:24,4.42,-7.35,76.51,90,100,5.14
204,Vardo,NO,2020-10-24 02:40:24,70.37,31.11,37.09,96,100,28.25
205,Kahului,US,2020-10-24 02:40:24,20.89,-156.47,87.8,55,40,8.05
206,Half Moon Bay,US,2020-10-24 02:40:24,37.46,-122.43,60.01,82,1,5.82
207,Tessalit,ML,2020-10-24 02:40:24,20.2,1.01,80.13,18,0,12.55
208,Bathsheba,BB,2020-10-24 02:40:25,13.22,-59.52,84.2,74,20,25.28
209,Ponta Do Sol,PT,2020-10-24 02:40:25,32.67,-17.1,66.2,68,40,4.7
210,Catuday,PH,2020-10-24 02:40:25,16.29,119.81,82.33,73,100,3.83
211,Hunchun,CN,2020-10-24 02:40:25,42.87,130.36,46.29,49,26,23.51
212,Bima,ID,2020-10-24 02:40:25,-8.47,118.72,93.58,50,100,3.4
213,Nioro,GM,2020-10-24 02:40:25,13.35,-15.75,77.83,79,74,5.32
214,Zaria,NG,2020-10-24 02:40:26,11.11,7.72,69.6,32,99,2.66
215,Chuy,UY,2020-10-24 02:40:26,-33.7,-53.46,61.38,98,48,3.85
216,Souillac,MU,2020-10-24 02:40:26,-20.52,57.52,73.4,69,40,10.29
217,Leeton,AU,2020-10-24 02:40:26,-34.57,146.4,72.0,73,75,6.93
218,Samarai,PG,2020-10-24 02:40:26,-10.62,150.67,83.26,76,63,9.08
219,Dakar,SN,2020-10-24 02:40:26,14.69,-17.44,82.4,94,75,4.7
220,Coahuayana,MX,2020-10-24 02:40:27,18.73,-103.68,80.65,87,76,1.72
221,Dicabisagan,PH,2020-10-24 02:40:27,17.08,122.42,85.68,69,100,3.96
222,Port Elizabeth,ZA,2020-10-24 02:40:27,-33.92,25.57,68.0,94,90,16.11
223,Carangola,BR,2020-10-24 02:37:04,-20.73,-42.03,65.08,89,100,1.86
224,Markala,ML,2020-10-24 02:40:27,13.7,-6.07,79.86,26,0,7.14
225,Mancio Lima,BR,2020-10-24 02:40:28,-7.61,-72.9,72.75,95,44,2.77
226,Codrington,AU,2020-10-24 02:40:28,-38.27,141.97,53.6,65,55,17.45
227,Mesaria,GR,2020-10-24 02:40:28,36.4,25.45,66.0,82,0,9.24
228,Tromso,NO,2020-10-24 02:39:21,69.65,18.96,37.4,74,75,21.92
229,Saldanha,ZA,2020-10-24 02:40:28,-33.01,17.94,59.0,87,19,4.7
230,Wisconsin Rapids,US,2020-10-24 02:37:33,44.38,-89.82,35.6,74,90,9.17
231,Kavaratti,IN,2020-10-24 02:40:29,10.57,72.64,80.56,77,90,11.95
232,Ca Mau,VN,2020-10-24 02:40:29,9.18,105.15,84.85,73,87,1.25
233,Tobol,KZ,2020-10-24 02:40:29,52.68,62.58,29.52,97,100,14.45
234,Roebourne,AU,2020-10-24 02:40:29,-20.78,117.13,88.0,24,0,15.01
235,Upernavik,GL,2020-10-24 02:40:29,72.79,-56.15,21.27,90,100,6.31
236,Ucluelet,CA,2020-10-24 02:40:30,48.93,-125.55,48.0,91,93,5.68
237,The Pas,CA,2020-10-24 02:40:30,53.83,-101.25,24.8,73,90,13.87
238,Kamogata,JP,2020-10-24 02:40:30,34.53,133.58,63.0,51,40,16.11
239,Los Llanos De Aridane,ES,2020-10-24 02:40:31,28.66,-17.92,68.0,68,75,9.17
240,Takoradi,GH,2020-10-24 02:40:31,4.88,-1.76,76.64,90,55,5.41
241,Narsaq,GL,2020-10-24 02:40:31,60.92,-46.05,28.4,68,94,3.36
242,Mao,ES,2020-10-24 02:40:31,39.89,4.27,66.2,72,0,6.93
243,Yerbogachen,RU,2020-10-24 02:40:31,61.28,108.01,31.53,95,44,8.41
244,Gat,IL,2020-10-24 02:40:31,31.61,34.76,69.01,88,20,3.36
245,Touros,BR,2020-10-24 02:40:32,-5.2,-35.46,77.0,94,75,4.7
246,Roald,NO,2020-10-24 02:40:32,62.58,6.13,42.8,60,100,12.75
247,Broken Hill,AU,2020-10-24 02:40:32,-31.95,141.43,57.2,76,90,24.16
248,Hithadhoo,MV,2020-10-24 02:40:32,-0.6,73.08,83.05,75,28,10.2
249,Beringovskiy,RU,2020-10-24 02:40:32,63.05,179.32,33.75,90,100,21.9
250,Irondequoit,US,2020-10-24 02:36:15,43.21,-77.58,70.0,64,75,9.17
251,Saint-Pierre,RE,2020-10-24 02:40:33,-21.34,55.48,71.6,78,20,9.17
252,Broome,US,2020-10-24 02:40:33,42.25,-75.83,64.0,82,20,8.05
253,Phangnga,TH,2020-10-24 02:40:33,8.45,98.53,80.6,83,75,5.82
254,Luau,AO,2020-10-24 02:40:33,-10.71,22.22,65.95,90,85,3.2
255,Zhuhai,CN,2020-10-24 02:40:33,22.28,113.57,73.4,56,20,16.11
256,Riyadh,SA,2020-10-24 02:35:58,24.69,46.72,59.0,33,0,3.36
257,Am Timan,TD,2020-10-24 02:40:34,11.03,20.28,73.81,62,86,2.77
258,Kaka,TM,2020-10-24 02:40:34,37.35,59.61,49.46,50,0,2.75
259,Manggar,ID,2020-10-24 02:40:34,-2.88,108.27,86.54,60,92,3.44
260,Kousseri,CM,2020-10-24 02:40:34,12.08,15.03,73.4,46,0,4.7
261,San Patricio,US,2020-10-24 02:40:34,28.02,-97.52,78.8,83,20,3.36
262,Salalah,OM,2020-10-24 02:40:04,17.02,54.09,69.8,32,0,3.36
263,Ussel,FR,2020-10-24 02:40:35,45.55,2.32,52.0,68,100,5.73
264,Werda,BW,2020-10-24 02:40:35,-25.27,23.28,76.41,27,24,7.2
265,Yining,CN,2020-10-24 02:40:35,29.04,114.56,65.34,45,92,4.38
266,Itaueira,BR,2020-10-24 02:40:35,-7.6,-43.03,77.2,43,8,3.33
267,Aripuana,BR,2020-10-24 02:40:35,-9.17,-60.63,73.27,94,100,1.72
268,Naze,JP,2020-10-24 02:40:35,28.37,129.48,73.4,53,75,11.41
269,Geraldton,AU,2020-10-24 02:40:36,-28.77,114.6,87.8,18,0,10.29
270,Nyaunglebin,MM,2020-10-24 02:40:36,17.95,96.73,82.35,76,100,1.43
271,Beloha,MG,2020-10-24 02:40:36,-25.17,45.05,69.78,76,100,10.25
272,Maralal,KE,2020-10-24 02:40:36,1.1,36.7,59.13,84,0,3.65
273,Karpathos,GR,2020-10-24 02:40:36,35.51,27.21,71.6,78,1,16.11
274,Amarpur,IN,2020-10-24 02:40:36,25.03,86.9,77.61,83,48,6.26
275,Nampula,MZ,2020-10-24 02:40:37,-15.12,39.27,68.0,88,0,2.24
276,Maragogi,BR,2020-10-24 02:40:37,-9.01,-35.22,76.39,86,30,11.03
277,Maua,BR,2020-10-24 02:40:37,-23.67,-46.46,66.2,77,0,3.36
278,Pocone,BR,2020-10-24 02:40:37,-16.26,-56.62,75.7,91,100,11.83
279,Zhangjiakou,CN,2020-10-24 02:40:37,40.81,114.88,51.44,37,0,1.66
280,Savelugu,GH,2020-10-24 02:40:37,9.62,-0.83,75.79,69,97,3.13
281,Hanna,CA,2020-10-24 02:40:38,51.63,-111.9,16.0,65,100,8.99
282,San Quintin,MX,2020-10-24 02:40:38,30.48,-115.95,65.14,80,68,7.05
283,Kolpashevo,RU,2020-10-24 02:40:38,58.31,82.91,30.2,97,100,8.68
284,Marzuq,YE,2020-10-24 02:40:38,14.4,46.47,58.69,31,20,1.95
285,Roma,US,2020-10-24 02:40:38,43.21,-75.46,66.2,68,1,5.82
286,Taupo,NZ,2020-10-24 02:40:38,-38.68,176.08,64.35,76,32,4.09
287,Annan,GB,2020-10-24 02:40:39,54.99,-3.26,48.0,93,100,17.22
288,Mookane,BW,2020-10-24 02:40:39,-23.69,26.66,71.78,47,4,7.54
289,Bahia Blanca,AR,2020-10-24 02:37:00,-38.72,-62.27,61.93,78,0,7.25
290,Ridgecrest,US,2020-10-24 02:36:50,35.62,-117.67,75.2,22,75,5.82
291,Khandyga,RU,2020-10-24 02:40:39,62.67,135.6,19.71,88,55,0.4
292,Port-Gentil,GA,2020-10-24 02:40:39,-0.72,8.78,77.97,87,100,11.14
293,Shingu,JP,2020-10-24 02:40:40,33.73,135.98,66.2,55,75,19.46
294,Cabo San Lucas,MX,2020-10-24 02:40:20,22.89,-109.91,82.0,69,5,8.05
295,Halifax,CA,2020-10-24 02:38:15,44.65,-63.57,52.0,88,100,3.0
296,West Wendover,US,2020-10-24 02:40:40,40.74,-114.07,42.8,24,1,4.76
297,Nguruka,TZ,2020-10-24 02:40:40,-5.11,31.04,71.24,67,84,4.18
298,Grindavik,IS,2020-10-24 02:40:40,63.84,-22.43,41.0,80,75,11.41
299,California City,US,2020-10-24 02:40:41,35.13,-117.99,68.0,32,20,9.17
300,Piterka,RU,2020-10-24 02:40:41,50.68,47.45,53.65,96,100,12.66
301,Umm Kaddadah,SD,2020-10-24 02:40:41,13.6,26.69,80.42,16,2,17.43
302,Puerto El Triunfo,SV,2020-10-24 02:40:41,13.28,-88.55,78.8,94,20,1.12
303,Surat,IN,2020-10-24 02:40:41,21.17,72.83,75.2,78,20,5.19
304,Luanda,AO,2020-10-24 02:36:29,-8.84,13.23,77.0,78,75,4.7
305,Fairbanks,US,2020-10-24 02:36:48,64.84,-147.72,27.0,92,1,3.36
306,Bowen,AU,2020-10-24 02:40:42,-20.02,148.23,84.2,54,40,4.7
307,Talnakh,RU,2020-10-24 02:40:42,69.49,88.4,-2.2,84,40,6.71
308,Aksha,RU,2020-10-24 02:40:42,50.28,113.29,41.79,61,0,2.66
309,Bethel,US,2020-10-24 02:40:42,41.37,-73.41,60.01,97,97,1.01
310,Pangnirtung,CA,2020-10-24 02:40:42,66.15,-65.71,26.73,94,100,3.36
311,Nyurba,RU,2020-10-24 02:40:43,63.28,118.33,27.27,90,1,6.44
312,Padang,ID,2020-10-24 02:40:43,-0.95,100.35,85.19,62,100,1.77
313,Kayerkan,RU,2020-10-24 02:40:43,69.35,87.76,-2.2,84,40,6.71
314,Grand Gaube,MU,2020-10-24 02:40:43,-20.01,57.66,71.01,72,66,3.0
315,Terney,RU,2020-10-24 02:40:43,45.05,136.61,39.36,70,100,10.85
316,Tawang,IN,2020-10-24 02:40:43,27.58,91.87,56.64,68,100,0.72
317,Angoche,MZ,2020-10-24 02:40:44,-16.23,39.91,70.29,92,12,5.03
318,Chaohu,CN,2020-10-24 02:40:44,31.6,117.87,62.6,29,0,8.95
319,Taoudenni,ML,2020-10-24 02:40:44,22.68,-3.98,84.18,14,57,8.01
320,Orlandia,BR,2020-10-24 02:40:44,-20.72,-47.89,77.0,61,0,5.82
321,Ishigaki,JP,2020-10-24 02:40:44,24.34,124.16,75.2,64,75,19.46
322,Cuamba,MZ,2020-10-24 02:40:44,-14.8,36.54,68.09,68,0,0.45
323,Pisco,PE,2020-10-24 02:40:45,-13.7,-76.22,62.6,82,0,13.87
324,Srednekolymsk,RU,2020-10-24 02:40:45,67.45,153.68,22.69,92,0,3.0
325,Kuusamo,FI,2020-10-24 02:40:45,65.97,29.18,24.8,85,90,6.93
326,Monrovia,LR,2020-10-24 02:40:45,6.3,-10.8,78.19,84,76,6.62
327,Voh,NC,2020-10-24 02:40:45,-20.97,164.7,85.24,56,18,1.92
328,Ponte Nova,BR,2020-10-24 02:40:46,-20.42,-42.91,67.48,83,99,0.11
329,Vestmanna,FO,2020-10-24 02:40:46,62.16,-7.17,44.6,93,100,14.99
330,Presidencia Roque Saenz Pena,AR,2020-10-24 02:40:46,-26.79,-60.44,75.99,75,2,3.0
331,Okhotsk,RU,2020-10-24 02:40:46,59.38,143.3,41.67,91,100,17.81
332,Tyret Pervaya,RU,2020-10-24 02:40:46,53.67,102.31,40.19,84,97,3.33
333,Goure,NE,2020-10-24 02:40:46,13.98,10.27,82.99,22,0,5.99
334,Kibala,TD,2020-10-24 02:40:47,9.11,18.35,77.0,83,0,2.84
335,Lyubim,RU,2020-10-24 02:40:47,58.36,40.68,47.05,86,94,10.09
336,Majene,ID,2020-10-24 02:40:47,-3.54,118.97,86.85,64,51,5.57
337,Nemuro,JP,2020-10-24 02:40:47,43.32,145.57,59.0,51,20,12.75
338,Coihaique,CL,2020-10-24 02:40:47,-45.58,-72.07,48.2,87,100,4.7
339,Black Forest,US,2020-10-24 02:40:47,39.01,-104.7,28.0,73,90,18.34
340,Tigil,RU,2020-10-24 02:40:47,57.8,158.67,41.76,67,97,7.18
341,Palana,RU,2020-10-24 02:40:48,59.12,159.97,38.77,75,0,2.75
342,Klaksvik,FO,2020-10-24 02:40:48,62.23,-6.59,44.6,93,100,14.99
343,Mamallapuram,IN,2020-10-24 02:40:07,12.63,80.17,78.8,83,40,8.05
344,Zhangye,CN,2020-10-24 02:40:48,38.93,100.45,55.89,32,0,1.97
345,Qasigiannguit,GL,2020-10-24 02:40:48,68.82,-51.19,21.2,57,93,8.05
346,Birjand,IR,2020-10-24 02:40:49,32.87,59.22,42.8,45,0,4.7
347,Ochakiv,UA,2020-10-24 02:40:49,46.61,31.55,50.0,100,35,2.24
348,Loandjili,CG,2020-10-24 02:40:49,-4.76,11.86,76.24,86,100,8.57
349,Ponta Delgada,PT,2020-10-24 02:40:49,37.73,-25.67,66.2,77,40,18.34
350,Illintsi,UA,2020-10-24 02:40:49,49.1,29.22,50.05,84,95,4.41
351,Cockburn Town,TC,2020-10-24 02:40:49,21.46,-71.14,82.96,79,100,16.24
352,Tucuman,AR,2020-10-24 02:40:14,-26.82,-65.22,75.2,73,90,4.7
353,Vila Franca Do Campo,PT,2020-10-24 02:40:50,37.72,-25.43,66.2,77,40,18.34
354,Puerto Suarez,BO,2020-10-24 02:40:50,-18.95,-57.8,72.63,97,100,4.21
355,Ergani,TR,2020-10-24 02:40:50,38.27,39.76,51.8,35,0,6.93
356,Shihezi,CN,2020-10-24 02:40:50,44.3,86.03,44.83,83,100,5.59
357,Kautokeino,NO,2020-10-24 02:40:50,69.01,23.04,30.92,97,100,20.04
358,Namibe,AO,2020-10-24 02:40:51,-15.2,12.15,69.3,83,85,7.07
359,Iki-Burul,RU,2020-10-24 02:40:51,45.82,44.65,53.6,81,30,13.42
360,Seoul,KR,2020-10-24 02:37:49,37.57,126.98,51.8,27,1,4.7
361,Arman,RU,2020-10-24 02:40:51,59.7,150.17,39.87,82,100,5.35
362,Mehamn,NO,2020-10-24 02:40:51,71.04,27.85,36.57,92,100,24.83
363,Radhan,PK,2020-10-24 02:40:51,27.18,67.95,74.64,17,0,5.46
364,Adrar,MR,2020-10-24 02:40:51,20.5,-10.07,84.76,15,71,8.99
365,Port Macquarie,AU,2020-10-24 02:36:33,-31.43,152.92,71.6,88,90,12.75
366,Kattivakkam,IN,2020-10-24 02:40:52,13.22,80.32,78.8,83,40,8.05
367,Pacifica,US,2020-10-24 02:37:30,37.61,-122.49,60.01,82,20,16.11
368,Candido Mendes,BR,2020-10-24 02:40:52,-1.45,-45.72,75.0,90,48,4.34
369,Muros,ES,2020-10-24 02:40:52,42.78,-9.06,61.0,82,100,17.0
370,Jalu,LY,2020-10-24 02:40:52,29.03,21.55,61.97,87,0,9.46
371,Chapais,CA,2020-10-24 02:40:52,49.78,-74.85,33.8,100,90,9.17
372,Kimbe,PG,2020-10-24 02:40:53,-5.55,150.14,86.92,64,45,6.49
373,Lwowek Slaski,PL,2020-10-24 02:40:53,51.11,15.59,55.99,92,91,7.94
374,Kijang,KR,2020-10-24 02:40:53,35.24,129.21,59.0,33,0,11.41
375,Alvdal,NO,2020-10-24 02:40:53,62.11,10.63,10.4,78,100,2.24
376,Aksarka,RU,2020-10-24 02:40:53,66.56,67.8,17.6,95,91,8.1
377,Champerico,GT,2020-10-24 02:40:53,14.3,-91.92,68.0,99,100,5.66
378,Iqaluit,CA,2020-10-24 02:40:54,63.75,-68.51,26.6,86,75,4.7
379,Tezu,IN,2020-10-24 02:40:54,27.92,96.17,69.94,87,100,3.27
380,Nipawin,CA,2020-10-24 02:40:52,53.37,-104.0,23.0,73,90,9.17
381,Xam Nua,LA,2020-10-24 02:40:54,20.42,104.04,71.55,41,89,2.84
382,Lasa,IT,2020-10-24 02:40:54,46.62,10.7,52.0,100,90,2.77
383,Atbasar,KZ,2020-10-24 02:40:54,51.8,68.33,23.83,86,0,6.46
384,Inuvik,CA,2020-10-24 02:40:55,68.35,-133.72,23.0,92,5,4.7
385,Sobolevo,RU,2020-10-24 02:40:55,54.43,31.9,44.47,94,71,7.02
386,Karakulino,RU,2020-10-24 02:40:55,56.01,53.71,38.32,98,100,7.43
387,Texarkana,US,2020-10-24 02:40:55,33.43,-94.05,59.0,67,90,10.29
388,General Roca,AR,2020-10-24 02:40:56,-39.03,-67.58,73.4,53,0,6.93
389,Inhambane,MZ,2020-10-24 02:38:36,-23.86,35.38,72.05,79,95,5.79
390,Dunedin,NZ,2020-10-24 02:40:56,-45.87,170.5,68.0,57,33,3.0
391,Salaga,GH,2020-10-24 02:40:56,8.55,-0.52,75.51,77,81,4.52
392,Nelson Bay,AU,2020-10-24 02:37:35,-32.72,152.15,73.0,88,40,9.17
393,Karangasem,ID,2020-10-24 02:40:56,-8.45,115.62,87.8,74,40,10.29
394,Elkhart,US,2020-10-24 02:40:06,41.58,-85.83,44.6,93,90,12.75
395,Dolores,AR,2020-10-24 02:41:18,-36.31,-57.68,57.85,98,62,5.5
396,Meulaboh,ID,2020-10-24 02:41:18,4.14,96.13,85.84,64,50,0.67
397,Komsomolskiy,UZ,2020-10-24 02:41:19,40.43,71.72,39.2,52,100,4.7
398,Flinders,AU,2020-10-24 02:41:19,-34.58,150.86,77.0,68,100,7.0
399,Kempele,FI,2020-10-24 02:41:19,64.91,25.5,36.0,74,0,11.41
400,Oranjemund,NA,2020-10-24 02:41:19,-28.55,16.43,57.18,88,0,6.62
401,Vanavara,RU,2020-10-24 02:41:19,60.34,102.28,33.24,94,97,12.55
402,Nizhniy Odes,RU,2020-10-24 02:41:19,63.64,54.86,23.2,95,100,11.92
403,Khilok,RU,2020-10-24 02:41:20,51.37,110.47,42.04,62,2,1.23
404,Viedma,AR,2020-10-24 02:41:20,-40.81,-63.0,60.01,83,97,4.0
405,Ayr,GB,2020-10-24 02:41:20,55.46,-4.63,50.0,87,40,18.34
406,Naron,ES,2020-10-24 02:41:20,43.52,-8.15,61.0,82,20,12.75
407,Ballina,AU,2020-10-24 02:41:20,-28.87,153.57,77.0,73,75,10.29
408,Sorong,ID,2020-10-24 02:41:20,-0.88,131.25,83.98,77,19,8.14
409,Clyde River,CA,2020-10-24 02:41:21,70.47,-68.59,21.2,85,90,8.05
410,Mount Isa,AU,2020-10-24 02:41:21,-20.73,139.5,86.0,51,75,9.17
411,Hofn,IS,2020-10-24 02:41:21,64.25,-15.21,44.94,88,100,22.64
412,Kloulklubed,PW,2020-10-24 02:41:21,7.04,134.26,86.0,74,75,9.17
413,Sur,OM,2020-10-24 02:41:21,22.57,59.53,79.43,58,0,14.32
414,Yumen,CN,2020-10-24 02:41:21,40.28,97.2,51.08,36,0,4.99
415,Candido De Abreu,BR,2020-10-24 02:41:22,-24.57,-51.33,66.07,92,86,2.59
416,Aasiaat,GL,2020-10-24 02:41:22,68.71,-52.87,19.2,95,97,6.22
417,Palu,ID,2020-10-24 02:41:22,-0.89,119.87,89.44,56,44,3.49
418,Puerto Madero,MX,2020-10-24 02:41:22,14.72,-92.42,77.0,100,75,3.24
419,Havre-Saint-Pierre,CA,2020-10-24 02:41:22,50.23,-63.6,37.4,86,90,9.17
420,Coolum Beach,AU,2020-10-24 02:41:22,-26.53,153.1,78.01,80,100,14.65
421,Bonavista,CA,2020-10-24 02:41:23,48.65,-53.11,37.99,89,6,1.99
422,Sao Paulo De Olivenca,BR,2020-10-24 02:41:23,-3.38,-68.87,73.65,96,89,0.69
423,Talcahuano,CL,2020-10-24 02:37:44,-36.72,-73.12,53.6,87,20,4.7
424,Xining,CN,2020-10-24 02:41:23,36.62,101.77,52.3,43,27,0.47
425,Ilulissat,GL,2020-10-24 02:38:09,69.22,-51.1,21.2,57,95,8.05
426,Ahipara,NZ,2020-10-24 02:41:24,-35.17,173.17,68.77,69,15,6.51
427,Guiratinga,BR,2020-10-24 02:41:24,-16.35,-53.76,71.26,90,100,6.46
428,Guarapari,BR,2020-10-24 02:40:33,-20.67,-40.5,69.8,94,75,4.7
429,Javanrud,IR,2020-10-24 02:41:24,34.8,46.52,46.76,52,100,4.14
430,Kaitangata,NZ,2020-10-24 02:41:24,-46.28,169.85,68.0,57,2,3.0
431,Japura,ID,2020-10-24 02:41:24,-0.32,102.35,82.22,78,100,1.21
432,Saint George,US,2020-10-24 02:41:25,37.1,-113.58,66.2,20,1,3.13
433,Qeshm,IR,2020-10-24 02:41:25,26.96,56.27,71.6,41,0,4.7
434,Skjervoy,NO,2020-10-24 02:41:25,70.03,20.97,40.91,78,100,24.87
435,Springbok,ZA,2020-10-24 02:41:25,-29.66,17.89,56.21,39,0,1.86
436,Khorixas,NA,2020-10-24 02:41:25,-20.37,14.97,62.98,61,53,3.0
437,Yecapixtla,MX,2020-10-24 02:41:25,18.88,-98.87,68.0,35,5,8.05
438,Wilmington,US,2020-10-24 02:36:37,34.23,-77.94,70.0,88,20,3.44
439,Salinopolis,BR,2020-10-24 02:41:26,-0.61,-47.36,78.94,81,11,10.58
440,Letnica,PL,2020-10-24 02:41:26,51.9,15.33,53.01,40,96,3.62
441,Saint-Francois,FR,2020-10-24 02:41:26,46.42,3.91,50.0,93,90,4.7
442,Buenos Aires,AR,2020-10-24 02:38:34,-34.61,-58.38,66.99,93,75,10.29
443,Balabac,PH,2020-10-24 02:41:26,7.99,117.06,82.96,78,100,10.09
444,Umm Lajj,SA,2020-10-24 02:41:26,25.02,37.27,83.35,26,0,10.4
445,Pacific Grove,US,2020-10-24 02:41:26,36.62,-121.92,62.6,77,1,3.36
446,Lodja,CD,2020-10-24 02:41:27,-3.48,23.43,67.69,97,71,1.07
447,Pitimbu,BR,2020-10-24 02:41:27,-7.47,-34.81,75.2,100,75,5.82
448,Eyl,SO,2020-10-24 02:41:27,7.98,49.82,79.12,78,100,1.1
449,Ayolas,PY,2020-10-24 02:41:27,-27.4,-56.9,71.37,87,100,10.36
450,Charlottetown,CA,2020-10-24 02:41:01,46.24,-63.13,50.0,71,90,16.11
451,San Policarpo,PH,2020-10-24 02:41:28,12.18,125.51,84.67,77,94,3.6
452,Tukrah,LY,2020-10-24 02:41:28,32.53,20.58,69.44,66,0,9.4
453,Oriximina,BR,2020-10-24 02:41:28,-1.77,-55.87,79.88,68,29,2.57
454,Morehead,US,2020-10-24 02:41:28,37.27,-87.18,51.8,93,90,10.29
455,Colmenar Viejo,ES,2020-10-24 02:41:29,40.66,-3.77,50.0,92,0,2.39
456,Gushikawa,JP,2020-10-24 02:39:19,26.35,127.87,75.2,53,75,14.99
457,Shasta Lake,US,2020-10-24 02:41:29,40.68,-122.37,64.0,30,0,3.38
458,Pushkino,RU,2020-10-24 02:40:17,56.02,37.87,48.2,87,40,11.18
459,Mayskiy,RU,2020-10-24 02:41:29,47.69,40.1,57.2,93,40,8.95
460,Kon Tum,VN,2020-10-24 02:41:29,14.35,108.0,81.03,63,100,0.54
461,Haines Junction,CA,2020-10-24 02:41:30,60.75,-137.51,21.83,82,100,2.04
462,Bilibino,RU,2020-10-24 02:41:30,68.05,166.44,18.05,89,0,0.98
463,Mezen,RU,2020-10-24 02:41:30,65.85,44.24,26.2,98,99,8.32
464,Chesma,RU,2020-10-24 02:41:30,53.81,60.65,29.32,98,100,15.73
465,Virginia Beach,US,2020-10-24 02:38:34,36.85,-75.98,62.01,87,75,2.82
466,Ilinskiy,RU,2020-10-24 02:41:31,55.62,38.12,50.0,87,0,8.95
467,Sinazongwe,ZM,2020-10-24 02:41:31,-17.26,27.46,74.68,37,0,5.26
468,Sembe,CG,2020-10-24 02:41:31,1.65,14.58,70.07,95,100,3.02
469,Bolivar,US,2020-10-24 02:38:17,37.61,-93.41,44.01,77,0,10.22
470,Xichang,CN,2020-10-24 02:39:06,27.9,102.26,61.39,57,50,2.75
471,Cove,BJ,2020-10-24 02:41:31,7.22,2.34,72.18,98,55,3.18
472,Auki,SB,2020-10-24 02:41:31,-8.77,160.7,84.2,77,70,4.72
473,Manjacaze,MZ,2020-10-24 02:41:32,-24.71,33.88,65.86,92,18,3.96
474,Kota,IN,2020-10-24 02:41:32,25.18,75.83,80.19,29,0,1.63
475,Pingzhuang,CN,2020-10-24 02:41:32,42.04,119.29,52.61,39,0,3.04
476,Waterford,US,2020-10-24 02:41:33,42.7,-83.4,46.99,81,90,12.75
477,Huarmey,PE,2020-10-24 02:41:33,-10.07,-78.15,62.92,81,98,3.49
478,Maniitsoq,GL,2020-10-24 02:41:33,65.42,-52.9,26.78,84,0,4.63
479,Tra Vinh,VN,2020-10-24 02:41:33,9.93,106.35,83.68,75,92,1.81
480,Tura,IN,2020-10-24 02:41:34,25.52,90.22,70.59,98,100,3.15
481,Reconquista,AR,2020-10-24 02:41:34,-29.15,-59.65,68.31,94,86,8.66
482,Tombouctou,ML,2020-10-24 02:41:34,20.0,-3.0,86.2,13,11,6.31
483,Nchelenge,ZM,2020-10-24 02:41:34,-9.35,28.73,73.2,72,83,5.79
484,Zhigansk,RU,2020-10-24 02:41:34,66.77,123.37,16.81,94,0,15.68
485,Matay,EG,2020-10-24 02:41:34,28.42,30.78,64.99,76,0,6.42
486,Capao Da Canoa,BR,2020-10-24 02:41:35,-29.75,-50.01,67.6,93,100,10.76
487,Sinjar,IQ,2020-10-24 02:41:35,36.32,41.88,59.81,37,10,2.86
488,Porto Novo,BJ,2020-10-24 02:41:35,6.5,2.6,80.6,88,40,8.05
489,Doha,QA,2020-10-24 02:41:35,25.29,51.53,77.0,73,0,2.24
490,San Antonio,US,2020-10-24 02:39:43,29.42,-98.49,59.0,76,20,17.22
491,La Massana,AD,2020-10-24 02:41:35,42.57,1.48,50.0,90,40,2.19
492,Rehoboth,NA,2020-10-24 02:41:36,-23.32,17.08,63.0,41,76,2.68
493,Emerald,AU,2020-10-24 02:41:36,-23.53,148.17,75.2,73,87,6.93
494,Chertkovo,RU,2020-10-24 02:41:36,49.38,40.15,55.38,87,100,9.75
495,Valparaiso,CL,2020-10-24 02:41:34,-33.04,-71.63,48.2,100,0,4.7
496,Maryville,US,2020-10-24 02:41:37,35.76,-83.97,69.8,77,75,3.36
497,Espanola,US,2020-10-24 02:41:37,35.99,-106.08,48.0,45,1,12.75
498,Pouebo,NC,2020-10-24 02:41:37,-20.4,164.57,81.75,61,9,8.97
499,Corn Island,NI,2020-10-24 02:41:37,12.17,-83.04,83.53,71,89,2.64
500,Ulladulla,AU,2020-10-24 02:41:37,-35.35,150.47,66.2,100,90,8.05
501,Zuwarah,LY,2020-10-24 02:41:37,32.93,12.08,73.27,51,0,6.51
502,Mapimi,MX,2020-10-24 02:41:37,25.82,-103.85,82.4,28,5,1.25
503,Cabedelo,BR,2020-10-24 02:41:38,-6.98,-34.83,75.2,100,75,5.82
504,Mayumba,GA,2020-10-24 02:41:38,-3.43,10.66,76.46,86,100,6.62
505,Aquin,HT,2020-10-24 02:41:38,18.28,-73.4,80.22,81,100,5.28
506,La Orilla,MX,2020-10-24 02:41:38,17.98,-102.23,79.57,86,70,3.29
507,Dalbandin,PK,2020-10-24 02:41:38,28.89,64.41,57.72,34,0,3.13
508,Vuktyl,RU,2020-10-24 02:41:39,63.86,57.31,22.32,92,100,10.04
509,Yulara,AU,2020-10-24 02:41:39,-25.24,130.99,69.8,43,40,8.05
510,Neiafu,TO,2020-10-24 02:41:39,-18.65,-173.98,80.6,78,75,11.41
511,Malinyi,TZ,2020-10-24 02:41:39,-8.93,36.13,73.27,73,4,2.59
512,Fare,PF,2020-10-24 02:41:39,-16.7,-151.02,80.24,68,100,7.38
513,Seymchan,RU,2020-10-24 02:41:39,62.88,152.43,32.13,93,70,4.41
514,Iquique,CL,2020-10-24 02:38:04,-20.22,-70.14,64.4,68,90,9.17
515,Manta,EC,2020-10-24 02:41:40,-0.95,-80.73,73.4,78,90,9.17
516,The Valley,AI,2020-10-24 02:41:40,18.22,-63.06,84.2,79,20,10.29
517,Sungairaya,ID,2020-10-24 02:41:40,0.7,108.9,87.01,61,86,4.12
518,Dharmapuri,IN,2020-10-24 02:41:40,12.13,78.17,77.0,73,40,4.34
519,Qidong,CN,2020-10-24 02:41:41,31.81,121.66,64.0,54,6,1.99
520,Wanning,CN,2020-10-24 02:41:41,18.8,110.4,68.45,83,100,20.58
521,Pedra,BR,2020-10-24 02:41:41,-8.5,-36.94,65.19,93,5,6.2
522,Sechura,PE,2020-10-24 02:41:41,-5.56,-80.82,64.27,78,52,10.65
523,Doka,SD,2020-10-24 02:41:41,13.52,35.77,75.96,50,37,3.11
524,Cerrik,AL,2020-10-24 02:41:42,41.03,19.98,46.4,93,0,2.24
525,Minna,NG,2020-10-24 02:41:42,9.61,6.56,77.0,94,0,3.36
526,Kuryk,KZ,2020-10-24 02:41:42,43.2,51.65,53.71,70,24,9.8
527,Louis Trichardt,ZA,2020-10-24 02:41:42,-23.04,29.9,59.77,85,0,5.28
528,Baykit,RU,2020-10-24 02:41:42,61.67,96.37,29.5,95,99,3.56
529,Kemin,KG,2020-10-24 02:41:43,42.78,75.69,33.84,86,84,2.82
530,Kysyl-Syr,RU,2020-10-24 02:41:43,63.9,122.76,25.61,94,100,8.57
531,Siverek,TR,2020-10-24 02:41:43,37.76,39.32,62.6,30,0,8.05
532,Kondinskoye,RU,2020-10-24 02:41:43,59.65,67.41,19.27,97,0,5.99
533,Ketchikan,US,2020-10-24 02:41:44,55.34,-131.65,42.8,47,1,6.93
534,Dixon,US,2020-10-24 02:41:44,38.45,-121.82,66.2,59,1,6.93
535,Inverell,AU,2020-10-24 02:41:44,-29.78,151.12,64.0,97,100,7.0
536,Belsand,IN,2020-10-24 02:41:44,26.45,85.4,78.42,78,5,4.16
537,Raudeberg,NO,2020-10-24 02:41:44,61.99,5.14,45.0,76,100,16.64
538,Tateyama,JP,2020-10-24 02:41:45,34.98,139.87,69.8,43,20,11.41
539,Jiblah,YE,2020-10-24 02:41:45,13.92,44.15,57.43,37,17,2.8
540,Aklavik,CA,2020-10-24 02:41:45,68.22,-135.01,23.0,92,5,4.7
541,Faya,SA,2020-10-24 02:41:45,18.39,42.45,55.4,28,0,4.9
542,Ugoofaaru,MV,2020-10-24 02:40:29,5.67,73.0,81.37,79,75,11.74
543,Florence,IT,2020-10-24 02:41:45,43.77,11.25,63.0,100,40,2.24
544,Megion,RU,2020-10-24 02:41:46,61.03,76.11,17.6,85,90,4.52
545,Laguna,US,2020-10-24 02:41:46,38.42,-121.42,68.0,52,1,8.05
546,Panguna,PG,2020-10-24 02:41:46,-6.32,155.48,77.11,89,100,0.43
547,Dukat,RU,2020-10-24 02:41:46,62.55,155.55,32.54,93,7,5.1
548,Palimbang,PH,2020-10-24 02:41:47,6.21,124.19,80.6,79,100,6.93
549,Moussoro,TD,2020-10-24 02:41:47,13.64,16.49,83.21,19,99,13.89
550,Udachnyy,RU,2020-10-24 02:41:47,66.42,112.4,15.8,66,0,13.42
551,Canillo,AD,2020-10-24 02:41:47,42.58,1.67,50.0,74,39,1.61
552,Marsa Matruh,EG,2020-10-24 02:41:47,31.35,27.25,62.6,77,0,6.04
553,Pierre,US,2020-10-24 02:41:47,44.37,-100.35,21.0,79,1,6.13
554,Malindi,KE,2020-10-24 02:41:48,-3.22,40.12,78.78,83,38,12.86
